{
    "plate": {
        "Total Time [s]:": "60",
        "Length Y [mm]:": "116.44",
        "Length X [mm]:": "61.68",
        "Thickness [mm]:": "1.82",
        "N:": "60",
        "Thermal Conductivity [W/mK]:": "350",
        "Density [kg/m3]:": "2333",
        "Heat Capacity [J/kgK]:": "896",
        "Convection Coeff [W/m2K]:": "13.5",
        "Amperage Input [A]:": "-0.824",
        "Power transfert :": "-1.3",
        "Ambient Temp [\u00b0C]:": "23.8",
        "Initial Temp [\u00b0C]:": "0",
        "Position heat source [(X, Y)]:": "(16, 31)",
        "Position thermistance 1 [(X, Y)]:": "(16, 31)",
        "Position thermistance 2 [(X, Y)]:": "(61, 31)",
        "Position thermistance 3 [(X, Y)]:": "(106, 31)",
        "Start heat time [s]:": "10",
        "Stop heat time [s]:": "300000",
        "step time [s]:": "0.01",
        "Start perturbation time [s]:": "10",
        "Stop perturbation time [s]:": "100000",
        "Position perturbation [(X, Y)]:": "(31,31)",
        "Perturbation [W]:": "0"
    }
}